"VRM","Make","Model","Licence No","Compliance Date","Compliance Expiry"
"AV66 KUX","Audi","A8","21/00414/PHV","01/09/2020","31/08/2021"
"FY65 AEW","Audi","A4","20/02318/HCV","13/08/2020","12/08/2021"
"GY17 KCU","Audi","A6","21/00803/PHV","13/07/2020","12/07/2021"
"KN14 VSK","Audi","A6","21/00658/PHVMAX","19/11/2020","18/11/2021"
"WN19 OPY","Audi","A6","21/00474/PHV","03/11/2020","02/11/2021"
"AK14 OWC","BMW","520","21/01027/PHVMAX","01/10/2020","30/09/2021"
"AK65 YYU","BMW","520D","21/00455/PHVMAX","16/12/2020","15/12/2021"
"CF16 EHU","BMW","520D","21/00485/PHV","01/07/2020","30/06/2021"
"CF16 PXB","BMW","520D","21/00876/PHV","06/11/2020","05/11/2021"
"CP15 OVK","BMW","520D","21/00370/PHVMAX","17/09/2020","18/09/2021"
"DC16 AGZ","BMW","520D","21/00478/PHV","18/08/2020","17/08/2021"
"DP16 YWZ","BMW","520D","21/00793/PHV","09/11/2020","08/11/2021"
"EU64 EFS","BMW","520D","21/01080/PHVMAX","21/08/2020","20/08/2021"
"FD16 UTB","BMW","320D","21/00682/PHV","18/09/2020","17/09/2021"
"FD17 NXS","BMW","320D","21/00087/PHV","07/10/2020","06/10/2021"
"FH11 MMM","BMW","520","21/00310/PHV","08/07/2020","07/07/2021"
"HX13 LLF","BMW","520d","21/00524/PHVMAX","10/12/2020","09/12/2021"
"KF15 FNL","BMW","520D","21/00817/PHVMAX","19/08/2020","18/08/2021"
"KS66 NVK","BMW","520D","21/00177/PHV","06/07/2020","05/07/2021"
"LS66 SYH","BMW","520D","21/00476/PHV","25/02/2020","24/02/2021"
"ND66 BUJ","BMW","520D","21/00379/PHV","22/01/2021","21/01/2022"
"NU66 KYE","BMW","520D","21/00108/PHV","20/07/2020","19/07/2021"
"OY66 CMX","BMW","520D","21/00176/PHV","04/08/2020","03/08/2021"
"RF66 CFK","BMW","520D","21/01037/PHV","05/03/2020","04/03/2021"
"SC66 YSP","BMW","320","21/00872/PHV","08/07/2020","07/07/2021"
"SH03 ROB","BMW","320D","21/00376/PHVMAX","26/02/2021","25/02/2022"
"T700 GRB","BMW","730LD","21/00562/PHVMAX","01/09/2020","31/08/2021"
"WD63 WGA","BMW","520","21/01039/PHVMAX","02/12/2020","01/12/2021"
"WF66 VRR","BMW","520D","21/00092/PHV","18/11/2020","17/11/2021"
"YB66 DKK","BMW","520D","20/02114/HCV","25/09/2020","24/09/2021"
"YF62 PWL","BMW","320","20/02295/HCVMAX","11/09/2020","09/03/2021"
"HY63 VSG","Chevrolet","Orlando","20/02238/HCVMAX","05/11/2020","04/11/2021"
"AW51 LAD","Citroen","Dispatch","20/02433/HCVMAX","18/09/2020","17/09/2021"
"BK59 LDZ","Citroen","Dispatch","20/02436/HCVMAX","28/10/2020","27/10/2021"
"BX64 UEW","Citroen","Dispatch","21/00604/PHVMAX","21/01/2021","20/01/2022"
"HV64 VAD","Citroen","C4","20/02156/HCVMAX","24/08/2020","23/08/2021"
"KM64 VFA","Citroen","Picasso","20/02167/HCVMAX","07/10/2020","06/10/2021"
"NK15 DFF","Citroen","Berlingo","21/00158/PHVMAX","18/02/2020","17/02/2021"
"NK16 CWD","Citroen","Berlingo","21/01059/PHV","11/08/2020","10/08/2021"
"NK16 FTT","Citroen","Berlingo","20/02297/HCV","15/09/2020","14/09/2021"
"WA15 EPP","Citroen","Berlingo","21/00363/PHVMAX","20/07/2020","19/07/2021"
"WA15 EWD","Citroen","Berlingo","21/00157/PHVMAX","28/09/2020","27/09/2021"
"WD15 OUX","Citroen","Berlingo","21/01054/PHVMAX","10/11/2020","09/11/2021"
"WJ16 KNR","Citroen","Berlingo","21/00833/PHV","30/12/2020","29/12/2021"
"WJ61 KNG","Citroen","Picasso","20/02168/HCVMAX","15/09/2020","12/03/2021"
"WJ65 FFW","Citroen","Berlingo","21/01058/PHVMAX","19/10/2020","18/10/2021"
"HK66 ZNO","Dacia","Logan","21/00741/PHV","18/02/2020","17/02/2021"
"HN17 CGO","Dacia","Logan","20/02469/HCV","03/11/2020","02/11/2021"
"HN66 AZW","Dacia","Logan","21/00917/PHV","18/11/2020","17/11/2021"
"HN66 DRV","Dacia","Logan","21/00280/PHV","16/11/2020","15/11/2021"
"HY15 XWF","Dacia","Logan","21/00637/PHVMAX","19/03/2020","18/03/2021"
"HY64 ZPK","Dacia","Logan","21/00467/PHVMAX","09/10/2020","08/10/2021"
"WA17 YDJ","Dacia","Logan","21/00610/PHV","28/07/2020","27/07/2021"
"WG17 LZE","Dacia","Logan","21/00935/PHV","21/09/2020","20/09/2021"
"WG17 LZF","Dacia","Logan","21/00581/PHV","21/09/2020","20/09/2021"
"BV58 GCF","Fiat","Scudo","20/02560/HCVMAX","27/10/2020","26/10/2021"
"DV59 HFF","Fiat","Scudo","20/02293/HCVMAX","01/02/2021","06/07/2021"
"NL57 VRZ","Fiat","Scudo","20/02221/HCVMAX","21/08/2020","20/08/2021"
"NV17 RXN","Fiat","Tipo","21/00246/PHV","21/09/2020","20/09/2021"
"SF11 EBD","Fiat","Scudo","20/02224/HCVMAX","04/09/2020","03/09/2021"
"SF11 EDP","Fiat","Scudo","20/02553/HCVMAX","28/09/2020","26/03/2021"
"SF11 HZH","Fiat","Scudo","20/02258/HCVMAX","19/10/2020","18/10/2021"
"SF14 NXH","Fiat","Scudo","20/02301/HCVMAX","29/10/2020","28/10/2021"
"WM17 UBG","Fiat","Tipo","21/00665/PHV","07/02/2020","06/02/2021"
"WR67 RVK","Fiat","Tipo","21/00123/PHV","10/07/2020","09/07/2021"
"AF16 YFO","Ford","Mondeo","21/00353/PHV","07/02/2020","06/02/2021"
"AJ66 MBF","Ford","Mondeo","21/00851/PHV","27/02/2020","26/02/2021"
"AK15 UWW","Ford","Tourneo","21/00832/PHVMAX","23/09/2020","22/09/2021"
"AK16 EGU","Ford","Mondeo","21/00925/PHV","28/02/2020","27/02/2021"
"AK65 ERJ","Ford","Tourneo","21/00676/PHVMAX","17/08/2020","16/08/2021"
"AV65 KXY","Ford","Mondeo","21/00548/PHVMAX","10/09/2020","09/09/2021"
"BD17 XTW","Ford","Galaxy","21/00700/PHV","30/10/2020","29/10/2021"
"BL16 VZO","Ford","Mondeo","20/02600/HCV","05/02/2020","04/02/2021"
"BV66 FCO","Ford","Mondeo","21/00096/PHV","28/10/2020","27/10/2021"
"CK14 XPV","Ford","Mondeo","20/02531/HCVMAX","06/07/2020","05/07/2021"
"DV66 SXS","Ford","Tourneo","20/02349/HCV","23/10/2020","22/10/2021"
"EK14 UMT","Ford","Galaxy","21/00621/PHVMAX","23/09/2020","22/09/2021"
"G5 ACL","Ford","Tourneo","21/01254/PHVMAX","04/12/2020","03/12/2021"
"G6 DPR","Ford","Mondeo","21/00063/PHVMAX","03/11/2020","02/11/2021"
"GU18 WZG","Ford","Galaxy","21/00143/PHV","14/09/2020","13/09/2021"
"GV65 KOE","Ford","Tourneo","21/00373/PHVMAX","21/01/2021","20/01/2022"
"HJ67 HFZ","Ford","Tourneo","21/00947/PHV","10/11/2020","09/11/2021"
"HK65 VVX","Ford","Tourneo","21/00870/PHVMAX","27/01/2020","26/01/2021"
"HN15 VTM","Ford","Galaxy","21/00721/PHVMAX","08/08/2020","07/08/2021"
"HN17 GWP","Ford","Mondeo","21/00838/PHV","12/08/2020","11/08/2021"
"HN65 LNM","Ford","Tourneo","21/00844/PHVMAX","04/09/2020","03/09/2021"
"HN65 LPK","Ford","Tourneo","21/00853/PHVMAX","13/10/2020","12/10/2021"
"HV65 JVJ","Ford","Tourneo","21/01166/PHVMAX","11/12/2020","10/12/2021"
"HV65 JVL","Ford","Tourneo","21/00858/PHVMAX","17/12/2020","16/12/2021"
"LT16 VVG","Ford","Tourneo","21/00089/PHV","25/03/2020","24/03/2021"
"MA15 YDG","Ford","Tourneo","20/02120/HCV","04/08/2020","03/08/2021"
"MF65 BWW","Ford","Tourneo","20/02410/HCV","16/10/2020","15/10/2021"
"MW65 JUU","Ford","Tourneo","21/00934/PHVMAX","09/11/2020","08/11/2021"
"N23 PJH","Ford","Tourneo","21/00733/PHV","30/10/2020","29/10/2021"
"S88 MMK","Ford","Tourneo","20/02358/HCVMAX","07/09/2020","04/03/2021"
"SF16 PWJ","Ford","Tourneo","21/01057/PHV","27/01/2021","26/01/2022"
"SF17 CDU","Ford","Transit","20/02237/HCV","04/03/2020","03/03/2021"
"SF20 AYK","Ford","Journey","20/02360/HCV","20/03/2020","19/03/2021"
"SL66 YNX","Ford","C Max","21/00023/PHV","06/02/2020","05/02/2021"
"WH19 XHC","Ford","Tourneo","21/00986/PHV","10/07/2020","09/07/2021"
"WP17 AZX","Ford","Tourneo","21/00479/PHV","18/12/2020","17/12/2021"
"WV66 HMU","Ford","Galaxy","21/00705/PHV","14/08/2020","13/08/2021"
"YB66 BCV","Ford","Tourneo","21/00415/PHV","04/12/2020","03/12/2021"
"YE17 AGY","Ford","Tourneo","21/00828/PHV","26/03/2020","25/03/2021"
"YE70 MXA","Ford","Tourneo","20/02929/HCV","04/11/2020","03/11/2021"
"YM66 NCX","Ford","Tourneo","21/00070/PHV","17/02/2020","16/02/2021"
"YM67 NFN","Ford","Galaxy","21/00221/PHV","02/02/2021","01/02/2022"
"YN16 RJO","Ford","Mondeo","21/00110/PHV","10/07/2020","09/07/2021"
"HV69 OYE","Honda","Civic","21/00146/PHV","22/09/2020","21/09/2021"
"WA68 OUD","Honda","Civic","21/00327/PHV","24/08/2020","23/08/2021"
"AU16 UOY","Hyundai","i30","21/01134/HCV","04/02/2020","03/02/2021"
"AV66 MYZ","Hyundai","Ioniq","21/00098/PHV","07/01/2021","06/01/2022"
"DN67 UTT","Hyundai","Ioniq","21/01199/PHV","16/02/2021","15/02/2022"
"EF18 LHW","Hyundai","i800","20/02144/HCV","13/01/2021","12/01/2022"
"EF18 RZP","Hyundai","Ioniq","21/01170/PHV","18/02/2021","17/02/2022"
"EF18 WWM","Hyundai","Ioniq","21/00149/PHV","02/07/2020","01/07/2021"
"EF19 JUX","Hyundai","i800","21/00627/PHV","16/12/2020","15/12/2021"
"EG17 ZNE","Hyundai","i30","21/00595/PHV","18/11/2020","17/11/2021"
"EJ18 ZLZ","Hyundai","Ioniq","21/00498/PHV","02/02/2021","01/02/2022"
"EJ66 EES","Hyundai","i30","20/02222/HCV","27/08/2020","26/08/2021"
"EN18 KFP","Hyundai","Ioniq","21/01169/PHV","17/02/2021","16/02/2022"
"EN67 DGX","Hyundai","i30","21/00762/PHV","05/08/2020","04/08/2021"
"EX65 SUU","Hyundai","i30","21/00720/PHVMAX","26/02/2020","25/02/2021"
"EX67 ZRO","Hyundai","i40","21/00537/PHV","09/03/2020","08/03/2021"
"HK65 EDO","Hyundai","i30","21/00748/PHVMAX","22/07/2020","21/07/2021"
"HK65 UDH","Hyundai","i30","21/00056/PHVMAX","18/03/2020","17/03/2021"
"HK65 UDV","Hyundai","i30","20/02353/HCV","27/11/2020","26/11/2021"
"HK65 YGL","Hyundai","i30","21/00598/PHVMAX","19/03/2020","18/03/2021"
"HK65 YGM","Hyundai","i30","21/00599/PHVMAX","20/03/2020","19/03/2021"
"HK65 YGW","Hyundai","i30","20/02516/HCV","12/01/2021","12/07/2021"
"HK68 DVB","Hyundai","Ioniq","20/02166/HCV","08/01/2021","07/01/2022"
"HN11 CAO","Hyundai","i30","21/01158/PHVMAX","18/08/2020","18/02/2021"
"HN16 DSY","Hyundai","i40","21/00074/PHV","25/08/2020","24/08/2021"
"HN18 XCK","Hyundai","Ioniq","21/00055/PHV","26/10/2020","25/10/2021"
"HN64 UXB","Hyundai","i40","21/01174/PHVMAX","04/01/2021","03/01/2022"
"HN65 WFC","Hyundai","i30","21/00760/PHVMAX","22/12/2020","21/12/2021"
"HN65 WFG","Hyundai","i30","21/00816/PHVMAX","29/07/2020","28/07/2021"
"HN66 BYV","Hyundai","i40","21/00234/PHV","01/02/2021","31/01/2022"
"HN66 NCO","Hyundai","i30","21/00684/PHV","13/03/2020","12/03/2021"
"HN66 YAJ","Hyundai","i30","21/00339/PHV","09/12/2020","08/12/2021"
"HN66 YSA","Hyundai","i40","21/00345/PHV","17/11/2020","16/11/2021"
"HS16 HRJ","Hyundai","i30","20/02122/HCV","17/12/2020","16/12/2021"
"HS16 OFX","Hyundai","i40","21/00391/PHV","27/08/2020","26/08/2021"
"HS17 JMX","Hyundai","Ioniq","21/00564/PHV","28/01/2021","27/01/2022"
"HS17 MBF","Hyundai","Ioniq","21/00015/PHV","27/11/2020","26/11/2021"
"HS19 MDK","Hyundai","Ioniq","20/02438/HCV","21/08/2020","20/08/2021"
"HT16 AVX","Hyundai","i40","21/00297/PHV","19/10/2020","18/10/2021"
"HT66 OCE","Hyundai","i40","21/00436/PHV","10/02/2020","09/02/2021"
"HV17 CDK","Hyundai","i40","21/00259/PHV","18/03/2020","17/03/2021"
"HV65 AEZ","Hyundai","i30","21/01128/PHV","06/08/2020","05/08/2021"
"HV65 HPZ","Hyundai","i30","21/00601/PHVMAX","27/03/2020","26/03/2021"
"HV65 JZA","Hyundai","i30","21/00763/PHVMAX","07/09/2020","06/09/2021"
"HV65 ODR","Hyundai","i30","21/00753/PHVMAX","30/09/2020","29/09/2021"
"HV65 VYT","Hyundai","i30","21/00755/PHVMAX","01/09/2020","31/08/2021"
"HV65 WCG","Hyundai","i30","21/01160/PHVMAX","28/08/2020","27/08/2021"
"HV66 SKO","Hyundai","i30","21/00553/PHV","07/09/2020","06/09/2021"
"HV66 ZWD","Hyundai","i30","20/02204/HCV","21/07/2020","20/07/2021"
"HV67 NHT","Hyundai","i30","21/00765/PHV","02/10/2020","01/10/2021"
"HY18 ZNG","Hyundai","Ioniq","21/00271/PHV","03/02/2021","02/02/2022"
"HY63 BYJ","Hyundai","i40","20/02140/HCVMAX","23/09/2020","22/09/2021"
"KU67 WKE","Hyundai","i40","21/00018/PHV","04/09/2020","03/09/2021"
"KY69 KXP","Hyundai","Ioniq","21/01145/PHV","08/01/2021","07/01/2022"
"RO67 JZR","Hyundai","Ioniq","21/00428/PHV","05/11/2020","04/11/2021"
"WX19 NJO","Hyundai","Ioniq","21/01196/PHV","15/02/2021","14/02/2022"
"RX16 TKZ","Infiniti","Q50","21/00759/PHV","23/09/2020","22/09/2021"
"C5 GEJ","Jaguar","XF","21/00707/PHV","26/03/2020","25/03/2021"
"CE17 SWY","Kia","Ceed","21/01159/PHV","30/10/2020","29/10/2021"
"HK67 UXX","Kia","Optima","21/00325/PHV","28/01/2021","27/01/2022"
"HN67 KLD","Kia","Optima","21/00024/PHV","25/11/2020","24/11/2021"
"KW17 RLY","Kia","Ceed","21/00156/PHV","16/02/2021","15/02/2022"
"LD16 VTX","Kia","Ceed","20/02280/HCV","08/12/2020","07/12/2021"
"PF63 CKU","Kia","Ceed","21/00283/PHVMAX","19/10/2020","18/10/2021"
"BJ59 OZX","LT1","TX4","20/03007/HCVMAX","17/09/2020","16/09/2021"
"BF10 SZK","LTI","TX4","20/02130/HCVMAX","28/09/2020","25/03/2021"
"BN11 WYA","LTI","TX4","20/02636/HCVMAX","09/10/2020","18/03/2021"
"SD07 CAB","LTI","TX4","20/02509/HCVMAX","25/11/2020","24/11/2021"
"BJ66 FYO","Mazda","5","21/00713/PHV","24/09/2020","23/09/2021"
"FM65 JWO","Mazda","6","21/00392/PHV","10/08/2020","09/08/2021"
"HX19 MXG","Mazda","6","21/00770/PHV","13/03/2020","12/03/2021"
"LO67 AYA","Mazda","6","21/00232/PHV","07/09/2020","06/09/2021"
"VX69 HMU","Mazda","6","21/01235/PHV","24/02/2021","23/02/2022"
"BD19 AYE","Mercedes","E220","21/01186/PHVTMP","19/11/2020","18/11/2021"
"BF18 NBK","Mercedes","E220","21/00624/PHV","09/11/2020","08/11/2021"
"BF68 MPE","Mercedes","E220","21/01045/PHV","06/10/2020","05/10/2021"
"BG16 PWX","Mercedes","Citan","20/02418/HCV","26/10/2020","25/10/2021"
"DX16 LTY","Mercedes","C350","21/00039/PHV","29/01/2021","28/01/2022"
"EU17 WHJ","Mercedes","C350","21/01249/PHV","25/02/2021","24/02/2022"
"HN16 JHH","Mercedes","E Class","21/00128/PHV","21/07/2020","20/07/2021"
"HV15 ZKC","Mercedes","E220","21/00869/PHVMAX","14/08/2020","13/08/2021"
"HX64 WKJ","Mercedes","E300","20/02244/HCVMAX","28/01/2021","27/01/2022"
"HX67 TWE","Mercedes","E220","21/00980/PHV","18/12/2020","17/12/2021"
"KE15 BKK","Mercedes","E220","21/00592/PHVMAX","08/01/2021","07/01/2022"
"KN65 GHV","Mercedes","E220","21/00014/PHVMAX","24/09/2020","23/09/2021"
"KN69 ZHB","Mercedes","E220","21/00779/PHV","22/10/2020","21/10/2021"
"KO55 SEE","Mercedes","E250","20/02194/HCVMAX","07/10/2020","06/10/2021"
"KR16 YUB","Mercedes","E220","21/00824/PHV","07/10/2020","06/10/2021"
"KR67 ORW","Mercedes","C220","20/02129/HCV","22/09/2020","21/09/2021"
"KW18 TKX","Mercedes","Vito","21/01017/PHV","03/02/2021","02/02/2022"
"LK17 NXZ","Mercedes","E220","21/00997/PHV","04/03/2020","03/03/2021"
"LK65 XVV","Mercedes","E220","21/00120/PHVMAX","21/01/2021","20/01/2022"
"LM17 XFL","Mercedes","E220","21/00646/PHV","03/11/2020","02/11/2021"
"LO16 SZC","Mercedes","E220","21/00887/PHV","19/02/2020","18/02/2021"
"LO16 TSV","Mercedes","E220","21/01208/PHV","29/07/2020","28/07/2021"
"LO16 YWJ","Mercedes","E220","21/01012/PHV","21/07/2020","20/07/2021"
"LO16 YWN","Mercedes","E220","21/01053/PHV","11/09/2020","10/09/2021"
"LO16 YZH","Mercedes","E220","21/00914/PHV","21/02/2020","20/02/2021"
"LO65 NFJ","Mercedes","C220","20/02136/HCV","16/09/2020","15/09/2021"
"LP13 FEM","Mercedes","E220","21/01035/PHVMAX","11/11/2020","10/11/2021"
"LS16 ZNG","Mercedes","C300","21/00444/PHV","14/10/2020","13/10/2021"
"LS65 AXP","Mercedes","E220","21/00289/PHVMAX","19/03/2020","18/03/2021"
"LT67 UBR","Mercedes","E220","20/02915/HCV","04/11/2020","03/11/2021"
"MT17 EJA","Mercedes","E220","21/00571/PHV","26/02/2020","25/02/2021"
"PJ16 VML","Mercedes","C220","21/00486/PHV","27/03/2020","26/03/2021"
"S500 GSC","Mercedes","S350","21/01016/PHV","12/10/2020","11/10/2021"
"S55 HSN","Mercedes","E220","20/02139/HCVMAX","08/09/2020","03/03/2021"
"SA54 YAD","Mercedes","E220","21/00254/PHV","12/10/2020","11/10/2021"
"SC17 BWD","Mercedes","E350","21/00302/PHV","20/01/2021","19/01/2022"
"ST65 KBV","Mercedes","E220","20/02179/HCV","05/10/2020","04/10/2021"
"T11 GUT","Mercedes","E250","20/02385/HCVMAX","24/08/2020","23/08/2021"
"WA66 RFJ","Mercedes","C300","21/00047/PHV","11/01/2021","10/01/2022"
"WD66 OTV","Mercedes","E220","21/00118/PHV","12/10/2020","11/10/2021"
"WH16 JZV","Mercedes","C220","21/00346/PHV","29/09/2020","28/09/2021"
"YB15 TKA","Mercedes","C220","21/00298/PHVMAX","14/10/2020","13/10/2021"
"YD16 BWC","Mercedes","E220","20/02174/HCV","27/02/2020","26/02/2021"
"YT16 CPV","Mercedes","E220","21/00101/PHV","19/02/2021","18/02/2022"
"HT66 RLU","Nissan","Leaf","21/00618/PHV","14/08/2020","13/08/2021"
"HW07 AUF","Nissan","Primastar","20/02196/HCVMAX","03/11/2020","02/11/2021"
"PJ08 XZH","Nissan","Primastar","20/02187/HCVMAX","11/08/2020","10/08/2021"
"PK58 KLO","Nissan","Primastar","20/02372/HCVMAX","24/09/2020","23/09/2021"
"GC03 NER","Peugeot","308","21/00882/PHV","10/09/2020","09/09/2021"
"HD61 MVP","Peugeot","E7","20/02457/HCVMAX","15/09/2020","14/09/2021"
"KR16 LRV","Peugeot","308","21/00252/PHV","12/11/2020","11/11/2021"
"KV14 YHC","Peugeot","Expert","21/00813/PHVMAX","27/07/2020","26/01/2021"
"L2 PUC","Peugeot","308","20/02481/HCV","12/08/2020","11/08/2021"
"LM12 NSZ","Peugeot","308","21/01233/PHVMAX","12/11/2020","11/11/2021"
"ML68 WGG","Peugeot","Traveller","21/00183/PHV","04/11/2020","03/11/2021"
"RE16 UPN","Peugeot","308","20/02191/HCV","25/09/2020","24/09/2021"
"SA58 SEO","Peugeot","Expert","20/02217/HCVMAX","06/08/2020","05/08/2021"
"SC63 YCG","Peugeot","Eurotaxi LX","20/02483/HCVMAX","19/08/2020","18/08/2021"
"SD17 NWZ","Peugeot","Horizon","21/01111/PHV","22/12/2020","21/12/2021"
"SD63 DLU","Peugeot","Expert","20/02478/HCVMAX","14/10/2020","13/10/2021"
"SF10 BDE","Peugeot","E7","20/02282/HCVMAX","27/07/2020","26/07/2021"
"SF11 KCA","Peugeot","E7","20/02455/HCVMAX","15/01/2021","30/07/2021"
"SF13 AVP","Peugeot","Eurotaxi","20/02623/HCVMAX","10/09/2020","14/03/2021"
"SF13 HWG","Peugeot","Euro Cab","20/02345/HCVMAX","12/10/2020","11/10/2021"
"SF14 APU","Peugeot","Eurotaxi","20/02344/HCVMAX","25/08/2020","23/02/2021"
"SF14 BOU","Peugeot","Expert","20/02392/HCVMAX","07/10/2020","23/03/2021"
"SF14 CDN","Peugeot","Eurotaxi","20/02521/HCVMAX","06/01/2021","05/07/2021"
"SF14 EJY","Peugeot","Expert E7","20/02845/HCVMAX","11/07/2019","10/07/2020"
"SF15 EEB","Peugeot","E7","20/02397/HCVMAX","08/01/2021","07/07/2021"
"SF15 EJZ","Peugeot","Horizon","20/02631/HCVMAX","18/09/2020","17/09/2021"
"SF15 FPC","Peugeot","Eurocab","20/02594/HCV","03/11/2020","02/11/2021"
"SF15 FRC","Peugeot","Eurocab","20/02278/HCVMAX","03/08/2020","02/08/2021"
"SF15 GFK","Peugeot","Eurotaxi","20/02284/HCV","10/11/2020","09/11/2021"
"SF15 GXY","Peugeot","Horizon","20/02226/HCV","20/08/2020","19/08/2021"
"SF15 HTP","Peugeot","Eurotaxi","20/02625/HCV","23/07/2020","22/07/2021"
"SF16 AAU","Peugeot","Eurotaxi","20/02355/HCV","04/11/2020","03/11/2021"
"SF16 BCE","Peugeot","Horizon","21/00822/PHV","26/10/2020","25/10/2021"
"SF16 BGV","Peugeot","E7","20/02131/HCV","24/03/2020","23/03/2021"
"SF16 BYS","Peugeot","Eurotaxi","20/02415/HCV","24/03/2020","23/03/2021"
"SF16 EYL","Peugeot","Euro Taxi","20/02195/HCV","02/07/2020","01/07/2021"
"SF16 FFO","Peugeot","Eurotaxi","20/02564/HCV","08/07/2020","07/07/2021"
"SF16 FXU","Peugeot","Horizon","20/02299/HCV","23/10/2020","22/10/2021"
"SF16 GDZ","Peugeot","Premier","20/02599/HCV","12/08/2020","11/08/2021"
"SF18 GBE","Peugeot","Premier","20/02577/HCV","06/03/2020","05/03/2021"
"SF18 HJU","Peugeot","Partner","20/01935/HCV","06/07/2020","05/07/2021"
"SF18 HSN","Peugeot","Premier","20/02466/HCV","31/12/2020","30/12/2021"
"SF60 JAO","Peugeot","E7","20/02241/HCVMAX","02/10/2020","30/09/2021"
"SF62 AXN","Peugeot","Eurotaxi","20/02209/HCVMAX","02/09/2020","02/03/2021"
"SF62 ECT","Peugeot","Eurotaxi","20/02157/HCVMAX","02/02/2021","01/02/2022"
"SF62 LTV","Peugeot","E7","20/02593/HCVMAX","06/01/2021","05/01/2022"
"SF64 EHK","Peugeot","E7","20/02369/HCVMAX","25/09/2020","24/09/2021"
"SF64 FTO","Peugeot","Expert","20/02548/HCVMAX","10/09/2020","09/09/2021"
"SF64 HHD","Peugeot","Premier","20/02296/HCVMAX","11/08/2020","10/08/2021"
"SF65 EBP","Peugeot","Partner","20/02312/HCV","28/08/2020","27/08/2021"
"SF65 FDU","Peugeot","Eurotaxi","20/02412/HCV","20/11/2020","19/11/2021"
"SF66 GJK","Peugeot","Eurotaxi","20/02547/HCV","27/11/2020","26/11/2021"
"SF66 HKL","Peugeot","Horizon","20/02647/HCV","19/10/2020","18/10/2021"
"SF66 HNO","Peugeot","Premier","20/02327/HCV","13/06/2019","12/06/2020"
"SF66 WMY","Peugeot","308","20/02208/HCV","17/11/2020","16/11/2021"
"SF67 DVP","Peugeot","Premier","20/03083/HCV","09/12/2020","08/12/2021"
"SF68 DVA","Peugeot","Horizon","20/02151/HCV","11/02/2020","10/02/2021"
"SG16 VTP","Peugeot","Partner","21/00823/PHV","20/10/2020","19/10/2021"
"SH62 PUU","Peugeot","308","20/02183/HCVMAX","16/12/2020","15/12/2021"
"SJ10 AHE","Peugeot","E7","20/02566/HCVMAX","26/08/2020","25/08/2021"
"SJ57 LLM","Peugeot","E7","20/02161/HCVMAX","13/08/2020","12/08/2021"
"SP16 NFV","Peugeot","308","21/00116/PHV","30/09/2020","29/09/2021"
"DK64 AFO","Renault","NX8","20/02316/HCVMAX","07/10/2020","06/10/2021"
"FV66 HZS","Renault","Trafic","21/01029/PHV","27/01/2021","26/01/2022"
"PN60 SVC","Renault","Laguna","20/02185/HCVMAX","28/09/2020","25/03/2021"
"PO13 BCE","Renault","Trafic","21/00669/PHVMAX","27/10/2020","26/10/2021"
"PO61 GGX","Renault","Trafic","20/02108/HCVMAX","27/01/2021","26/01/2022"
"SH69 LSD","Renault","Trafic","20/02575/HCV","13/12/2019","12/12/2020"
"SW66 VND","Renault","Trafic","21/00068/PHV","15/10/2020","14/10/2021"
"YH20 DVN","Renault","Trafic","21/00360/PHV","09/03/2020","08/03/2021"
"YK16 ZLC","Renault","Trafic","21/00218/PHV","22/07/2020","21/07/2021"
"AJ14 MUL","Seat","Toledo","21/00547/PHV","04/08/2020","03/08/2021"
"AO15 XOV","Seat","Toledo","21/00257/PHVMAX","16/09/2020","15/09/2021"
"AO66 JYW","Seat","Alhambra","21/00114/PHV","22/07/2020","21/07/2021"
"B8 SLL","Seat","Alhambra","21/00103/PHVMAX","09/07/2020","08/07/2021"
"EA64 VYV","Seat","Leon","21/00140/PHVMAX","18/01/2021","27/08/2021"
"FD62 XSF","Seat","Exeo","20/02119/HCVMAX","27/01/2021","26/01/2022"
"FN19 NZA","Seat","Leon","21/00207/PHV","09/03/2020","08/03/2021"
"FT15 LVX","Seat","Toledo","21/00469/PHVMAX","22/10/2020","21/10/2021"
"G12 ADJ","Seat","Leon","21/00212/PHV","21/07/2020","20/07/2021"
"HV61 ZXZ","Seat","Alhambra","21/00972/PHVMAX","29/01/2021","28/01/2022"
"HY65 SZP","Seat","Toledo","21/00960/PHVMAX","29/01/2021","28/01/2022"
"KR69 HCX","Seat","Leon","21/00267/PHV","27/07/2020","26/07/2021"
"KS15 OHH","Seat","Alhambra","21/00187/PHVMAX","07/07/2020","06/07/2021"
"KT18 SRZ","Seat","Alhambra","21/00431/PHV","01/02/2021","31/01/2022"
"KW64 JTX","Seat","Alhambra","21/00810/PHVMAX","22/01/2021","23/08/2021"
"KX17 UFA","Seat","Alhambra","21/00095/PHV","05/11/2020","04/11/2021"
"KX66 OGN","Seat","Alhambra","21/00179/PHV","06/11/2020","05/11/2021"
"KX66 OJP","Seat","Leon","20/02552/HCV","12/10/2020","11/10/2021"
"NU68 XKT","Seat","Leon","21/00192/PHV","26/11/2020","25/11/2021"
"NU69 OHV","Seat","Leon","21/00217/PHV","04/12/2020","03/12/2021"
"NX69 RVK","Seat","Leon","21/00201/PHV","10/09/2020","09/09/2021"
"NX69 RVL","Seat","Leon","21/00213/PHV","02/09/2020","01/09/2021"
"NY19 SBU","Seat","Leon","21/00196/PHV","20/07/2020","19/07/2021"
"NY19 UVW","Seat","Leon","20/02199/HCV","17/07/2020","16/07/2021"
"OE65 YJK","Seat","Toledo","21/00597/PHVMAX","24/07/2020","23/07/2021"
"PX17 ZFD","Seat","Toledo","20/02201/HCV","25/08/2020","24/08/2021"
"PX20 NFY","Seat","Leon","21/00190/PHV","20/03/2020","19/03/2021"
"PX20 ZGT","Seat","Leon","21/00204/PHV","15/07/2020","14/07/2021"
"PX20 ZHA","Seat","Leon","21/00200/PHV","13/07/2020","12/07/2021"
"PX67 SDO","Seat","Leon","21/00206/PHV","24/09/2020","23/09/2021"
"PX67 ZGC","Seat","Leon","21/00557/PHV","03/12/2020","02/12/2021"
"PY16 HVK","Seat","Toledo","20/02717/HCV","07/12/2020","06/12/2021"
"PY18 FMD","Seat","Toledo","21/00214/PHV","14/10/2020","13/10/2021"
"PY66 FYC","Seat","Toledo","21/00381/PHV","17/02/2021","16/02/2022"
"PY66 KSK","Seat","Toledo","20/02233/HCV","02/03/2020","01/03/2021"
"PY66 KSU","Seat","Toledo","21/00198/PHV","08/02/2021","07/02/2022"
"PY66 KSV","Seat","Toledo","21/00197/PHV","16/02/2021","15/02/2022"
"SB14 VFG","Seat","Toledo","20/02227/HCVMAX","08/10/2020","07/10/2021"
"SC13 HVJ","Seat","Toledo","21/00511/PHVMAX","21/01/2021","20/01/2022"
"SE13 FHP","Seat","Toledo","20/02558/HCVMAX","04/08/2020","03/08/2021"
"SG16 ETF","Seat","Toledo","20/02198/HCV","20/03/2020","19/03/2021"
"YB65 LUR","Seat","Alhambra","21/00953/PHV","30/07/2020","29/07/2021"
"YD15 ZRC","Seat","Alhambra","21/00908/PHVMAX","15/09/2020","14/09/2021"
"YD15 ZRV","Seat","Alhambra","21/00894/PHVMAX","04/09/2020","03/09/2021"
"YE64 WGN","Seat","Alhambra","21/00984/PHVMAX","21/01/2021","22/07/2021"
"YK15 LSC","Seat","Alhambra","21/01010/PHVMAX","02/07/2020","01/07/2021"
"YL65 NUA","Seat","Alhambra","21/01168/PHV","02/09/2020","01/09/2021"
"YL65 NUB","Seat","Alhambra","21/00999/PHV","29/07/2020","28/07/2021"
"AE19 WZC","Skoda","Octavia","21/00515/PHV","14/07/2020","13/07/2021"
"AF14 WWM","Skoda","Superb","20/02242/HCVMAX","03/11/2020","17/02/2021"
"AF15 HDZ","Skoda","Octavia","21/00075/PHV","18/12/2020","17/12/2021"
"AF18 MFN","Skoda","Octavia","21/01244/PHV","25/02/2021","24/02/2022"
"AK17 EVR","Skoda","Rapid","21/01139/PHV","05/11/2020","04/11/2021"
"AK17 OKV","Skoda","Octavia","21/00504/PHV","02/07/2020","01/07/2021"
"AK69 KHD","Skoda","Superb","21/00523/PHV","29/01/2021","28/01/2022"
"AO65 UPE","Skoda","Octavia","21/00419/PHVMAX","13/01/2021","12/01/2022"
"AX18 FYP","Skoda","Octavia","21/00502/PHV","11/02/2020","10/02/2021"
"BD12 YJN","Skoda","Octavia","20/02220/HCVMAX","11/08/2020","11/02/2021"
"BF67 JVO","Skoda","Superb","21/00230/PHV","24/11/2020","23/11/2021"
"BG65 WUK","Skoda","Octavia","20/02207/HCV","09/07/2020","08/07/2021"
"BK64 OPH","Skoda","Octavia","21/00885/PHVMAX","26/08/2020","25/02/2021"
"BL17 TKA","Skoda","Octavia","20/02937/HCV","05/11/2020","04/11/2021"
"BT61 EUE","Skoda","Octavia","21/00463/PHVMAX","14/10/2020","13/10/2021"
"BU16 FHN","Skoda","Octavia","20/02171/HCV","09/09/2020","08/09/2021"
"BW66 YUU","Skoda","Superb","21/00256/PHV","05/03/2020","04/03/2021"
"CP17 JYY","Skoda","Octavia","21/00394/PHV","13/10/2020","12/10/2021"
"CP66 BBZ","Skoda","Octavia","21/00222/PHV","28/09/2020","27/09/2021"
"CX16 GZA","Skoda","Octavia","21/00401/PHV","03/07/2020","02/07/2021"
"CX66 ZBU","Skoda","Octavia","20/02407/HCV","03/07/2020","02/07/2021"
"DA14 KJV","Skoda","Rapid","21/00054/PHVMAX","24/08/2020","23/02/2021"
"DA16 FWU","Skoda","Octavia","21/00737/PHV","06/10/2020","05/10/2021"
"DA66 LTT","Skoda","Octavia","21/00570/PHV","09/02/2021","08/02/2022"
"DA67 WGN","Skoda","Octavia","21/00132/PHV","30/09/2020","29/09/2021"
"DC16 HCG","Skoda","Octavia","20/02152/HCV","06/10/2020","05/10/2021"
"DC18 RJY","Skoda","Octavia","21/00608/PHV","16/11/2020","15/11/2021"
"DC19 CLV","Skoda","Octavia","21/00142/PHV","07/08/2020","06/08/2021"
"DE17 OYC","Skoda","Octavia","21/00354/PHV","14/10/2020","13/10/2021"
"DE61 DXH","Skoda","Octavia","20/02370/HCVMAX","21/01/2021","20/01/2022"
"DE62 WFC","Skoda","Octavia","20/02203/HCVMAX","12/10/2020","11/10/2021"
"DE67 LPF","Skoda","Superb","21/00151/PHV","02/07/2020","01/07/2021"
"DG18 UPN","Skoda","Octavia","20/02137/HCV","02/12/2020","01/12/2021"
"DG63 OWC","Skoda","Rapid","20/02727/HCVMAX","24/09/2020","23/03/2021"
"DK13 HUU","Skoda","Octavia","21/00238/PHVMAX","11/11/2020","10/11/2021"
"DK17 OOA","Skoda","Octavia","20/02514/HCV","04/03/2020","03/03/2021"
"DK66 LNZ","Skoda","Octavia","21/00500/PHV","02/09/2020","01/09/2021"
"EA17 YRV","Skoda","Octavia","21/00666/PHV","01/02/2021","31/01/2022"
"EA67 UTC","Skoda","Superb","20/02159/HCV","01/10/2020","30/09/2021"
"EF14 FKZ","Skoda","Octavia","21/00819/PHVMAX","27/11/2020","26/11/2021"
"EF19 RXU","Skoda","Superb","21/00899/PHV","25/09/2020","24/09/2021"
"EJ18 NHG","Skoda","Superb","21/00273/PHV","10/02/2020","09/02/2021"
"EK67 PHN","Skoda","Octavia","21/00349/PHV","25/09/2020","24/09/2021"
"EN14 YBK","Skoda","Rapid","20/02257/HCVMAX","02/02/2021","02/08/2021"
"EN17 HXD","Skoda","Octavia","21/00754/PHV","03/12/2020","02/12/2021"
"EO65 XOY","Skoda","Octavia","21/00329/PHV","24/08/2020","23/08/2021"
"EO67 YJG","Skoda","Octavia","21/00154/PHV","11/09/2020","10/09/2021"
"ET15 OLN","Skoda","Rapid","21/00785/PHVMAX","27/08/2020","26/07/2021"
"EU16 NDX","Skoda","Octavia","21/00319/PHV","01/12/2020","30/11/2021"
"EU18 HGG","Skoda","Octavia","21/01152/PHV","19/10/2020","18/10/2021"
"EU19 EXD","Skoda","Octavia","21/00044/PHV","28/01/2021","27/01/2022"
"EU19 EXP","Skoda","Octavia","21/00040/PHV","17/08/2020","16/08/2021"
"EU19 EXR","Skoda","Octavia","21/00058/PHV","16/11/2020","15/11/2021"
"EX65 PFJ","Skoda","Octavia","21/00408/PHVMAX","08/10/2020","07/10/2021"
"EX66 YLH","Skoda","Superb","21/00534/PHV","16/03/2020","15/03/2021"
"EY15 HWJ","Skoda","Octavia","21/01049/PHVMAX","06/11/2020","05/11/2021"
"FE13 PHZ","Skoda","Octavia","21/00783/PHVMAX","12/10/2020","11/10/2021"
"FE61 VGR","Skoda","Octavia","21/00496/PHVMAX","19/11/2020","18/11/2021"
"FP69 PCO","Skoda","Superb","21/00191/PHV","18/08/2020","17/08/2021"
"FT12 ZSN","Skoda","Octavia","20/02629/HCVMAX","18/09/2020","17/09/2021"
"FV11 PWF","Skoda","Octavia","21/00987/PHVMAX","26/11/2020","25/11/2021"
"FV12 NZT","Skoda","Octavia","21/00772/PHVMAX","25/08/2020","28/08/2021"
"FV63 LBK","Skoda","Rapid","21/00902/PHVMAX","01/10/2020","30/09/2021"
"FV63 MYP","Skoda","Octavia","21/00739/PHVMAX","20/01/2021","19/07/2021"
"FV63 NEO","Skoda","Octavia","21/00495/PHVMAX","25/01/2021","06/07/2021"
"FX16 NXO","Skoda","Superb","21/00138/PHV","03/08/2020","02/08/2021"
"FX17 LSE","Skoda","Superb","21/00587/PHV","14/09/2020","13/09/2021"
"FX63 EEU","Skoda","Octavia","21/00725/PHVMAX","28/08/2020","27/08/2021"
"FY12 NLE","Skoda","Octavia","21/00830/PHVMAX","15/01/2021","14/07/2021"
"FY61 KMF","Skoda","Octavia","21/00989/PHVMAX","07/01/2021","08/07/2021"
"GC17 FWL","Skoda","Octavia","21/00862/PHV","20/10/2020","19/10/2021"
"GC17 LKG","Skoda","Octavia","21/00659/PHV","25/09/2020","24/09/2021"
"GC17 UNR","Skoda","Octavia","21/00845/PHV","27/07/2020","26/07/2021"
"GC18 WZX","Skoda","Octavia","21/00732/PHV","02/10/2020","01/10/2021"
"GD15 HBG","Skoda","Octavia","21/00318/PHV","21/08/2020","20/08/2021"
"GD15 VHZ","Skoda","Octavia","21/00634/PHVMAX","20/01/2021","19/02/2022"
"GD15 ZDY","Skoda","Superb","21/00752/PHVMAX","06/10/2020","05/10/2021"
"GD16 JNK","Skoda","Octavia","21/00167/PHV","30/07/2020","29/07/2021"
"GD16 UEJ","Skoda","Rapid","21/00352/PHV","30/07/2020","29/07/2021"
"GD16 VTJ","Skoda","Rapid","21/00194/PHV","29/01/2021","28/01/2022"
"GD17 JKV","Skoda","Superb","21/00711/PHV","23/07/2020","22/07/2021"
"GD17 JUO","Skoda","Rapid","21/00529/PHV","26/10/2020","25/10/2021"
"GD17 NRV","Skoda","Rapid","21/01277/PHV","02/03/2020","01/03/2021"
"GD17 ZRU","Skoda","Rapid","21/00538/PHV","28/10/2020","28/10/2021"
"GD18 DVA","Skoda","Octavia","21/00717/PHV","05/10/2020","04/10/2021"
"GD18 FLN","Skoda","Octavia","21/00171/PHV","14/09/2020","13/09/2021"
"GD19 RVL","Skoda","Superb","21/00188/PHV","01/10/2020","30/09/2021"
"GD65 TYT","Skoda","Octavia","21/01020/PHVMAX","09/09/2020","08/09/2021"
"GD66 KVY","Skoda","Octavia","21/00226/PHV","20/03/2020","19/03/2021"
"GD66 NKH","Skoda","Octavia","20/02489/HCV","19/10/2020","18/10/2021"
"GD66 NNH","Skoda","Octavia","20/02229/HCV","04/08/2020","03/08/2021"
"GD66 XAO","Skoda","Octavia","21/01092/PHV","09/02/2021","08/02/2022"
"GD66 XBH","Skoda","Octavia","21/00287/PHV","19/11/2020","18/11/2021"
"GD67 LWE","Skoda","Rapid","21/00884/PHV","13/07/2020","12/07/2021"
"GD68 HJY","Skoda","Octavia","21/00758/PHV","28/10/2020","27/10/2021"
"GD69 TNN","Skoda","Octavia","21/00834/PHV","04/02/2021","03/02/2022"
"GD69 WKN","Skoda","Octavia","21/01192/PHV","26/02/2021","25/02/2022"
"GF15 CVT","Skoda","Octavia","21/00443/PHV","19/11/2020","18/11/2021"
"GF15 KGP","Skoda","Octavia","21/00551/PHVMAX","12/02/2021","11/02/2022"
"GF16 KKU","Skoda","Octavia","21/00203/PHV","24/08/2020","23/08/2021"
"GF16 OPJ","Skoda","Rapid","20/02255/HCV","03/08/2020","02/08/2021"
"GF17 ZVK","Skoda","Octavia","21/00332/PHV","14/09/2020","13/09/2021"
"GF19 UCN","Skoda","Octavia","21/00080/PHV","13/08/2020","12/08/2021"
"GF65 ZWM","Skoda","Octavia","20/02734/HCV","18/11/2020","17/11/2021"
"GF67 SUU","Skoda","Octavia","21/00229/PHV","04/08/2020","03/08/2021"
"GF68 FHO","Skoda","Octavia","21/00113/PHV","19/11/2020","18/11/2021"
"GJ14 JHF","Skoda","Octavia","20/02228/HCVMAX","01/10/2020","30/09/2021"
"GJ14 VXP","Skoda","Octavia","20/02149/HCVMAX","01/09/2020","01/03/2021"
"GJ14 WNL","Skoda","Octavia","21/00860/PHVMAX","02/09/2020","01/09/2021"
"GJ15 CYE","Skoda","Octavia","20/02389/HCV","25/03/2020","24/03/2021"
"GJ15 DCU","Skoda","Octavia","20/02178/HCVMAX","24/08/2020","23/08/2021"
"GJ15 ZHA","Skoda","Octavia","20/02470/HCVMAX","20/03/2020","19/03/2021"
"GJ16 PXB","Skoda","Octavia","21/00518/PHV","19/01/2021","18/01/2022"
"GJ65 AXS","Skoda","Octavia","21/00809/PHVMAX","04/02/2020","03/02/2021"
"GJ65 KUD","Skoda","Octavia","20/02261/HCV","17/11/2020","16/11/2021"
"GJ67 KWA","Skoda","Octavia","21/00017/PHV","20/08/2020","19/08/2021"
"GJ68 JHX","Skoda","Octavia","21/00541/PHV","07/09/2020","06/09/2021"
"GK15 NFC","Skoda","Superb","21/00574/PHVMAX","22/01/2021","21/01/2022"
"GK17 BZS","Skoda","Octavia","20/02145/HCV","15/12/2020","14/12/2021"
"GK17 CCU","Skoda","Octavia","21/01130/PHV","17/02/2021","16/02/2022"
"GK66 XUW","Skoda","Rapid","21/00533/PHV","30/07/2020","29/07/2021"
"GK68 CPX","Skoda","Octavia","21/00045/PHV","14/09/2020","13/09/2021"
"GK69 YCZ","Skoda","Octavia","21/00540/PHV","14/08/2020","13/08/2021"
"GL14 WCG","Skoda","Octavia","20/02252/HCVMAX","19/11/2020","18/11/2021"
"GL14 ZDV","Skoda","Octavia","21/00820/PHVMAX","01/02/2021","21/07/2021"
"GL15 EZK","Skoda","Octavia","21/00497/PHVMAX","07/08/2020","06/08/2021"
"GL16 CXV","Skoda","Octavia","21/00337/PHV","23/09/2020","22/09/2021"
"GL16 CYG","Skoda","Octavia","20/02133/HCV","12/08/2020","11/08/2021"
"GL16 DFN","Skoda","Octavia","20/02214/HCV","29/10/2020","28/10/2021"
"GL16 DLK","Skoda","Octavia","21/00651/HCV","17/02/2020","16/02/2021"
"GL16 EUR","Skoda","Octavia","20/02160/HCV","15/09/2020","14/09/2021"
"GL16 GZK","Skoda","Octavia","21/00268/PHV","28/07/2020","27/07/2021"
"GL16 MBF","Skoda","Octavia","20/02250/HCV","21/08/2020","20/08/2021"
"GL17 EDX","Skoda","Octavia","21/00241/PHV","02/09/2020","01/09/2021"
"GL17 HVA","Skoda","Octavia","20/02934/HCV","27/08/2020","26/08/2021"
"GL17 HVH","Skoda","Octavia","21/00875/PHV","02/11/2020","01/11/2021"
"GL17 LLZ","Skoda","Octavia","21/00843/PHV","24/07/2020","23/07/2021"
"GL18 WNC","Skoda","Octavia","21/01167/PHV","01/10/2020","30/09/2021"
"GL64 PXS","Skoda","Superb","20/02313/HCVMAX","11/03/2020","10/03/2021"
"GL66 HPU","Skoda","Octavia","21/00404/PHV","07/07/2020","06/07/2021"
"GL66 XSB","Skoda","Octavia","21/00510/PHV","14/09/2020","13/09/2021"
"GL66 XTT","Skoda","Octavia","21/00136/PHV","18/12/2020","17/12/2021"
"GL67 MFP","Skoda","Rapid","21/00527/PHV","27/08/2020","26/08/2021"
"GL67 UCO","Skoda","Rapid","21/00506/PHV","03/09/2020","02/09/2021"
"GM14 NYC","Skoda","Superb","21/01018/PHVMAX","21/09/2020","20/09/2021"
"GM15 CPE","Skoda","Octavia","21/00371/PHVMAX","20/08/2020","19/08/2021"
"GM16 HHO","Skoda","Octavia","20/02711/HCV","04/09/2020","03/09/2021"
"GM16 JKJ","Skoda","Octavia","21/00050/PHV","14/02/2020","13/02/2021"
"GM16 JPO","Skoda","Superb","21/00027/PHV","31/07/2020","30/07/2021"
"GM16 LPP","Skoda","Octavia","20/02464/HCV","19/08/2020","18/08/2021"
"GM16 YAV","Skoda","Octavia","21/00644/PHV","13/11/2020","12/11/2021"
"GM16 ZBR","Skoda","Octavia","21/00258/PHV","09/09/2020","08/09/2021"
"GM17 ZBO","Skoda","Octavia","21/00277/PHV","19/10/2020","18/10/2021"
"GM17 ZDE","Skoda","Octavia","21/00324/PHV","05/08/2020","04/08/2021"
"GM18 ONU","Skoda","Octavia","21/00507/PHV","18/09/2020","17/09/2021"
"GM18 SVR","Skoda","Rapid","21/00085/PHV","05/10/2020","04/10/2021"
"GM18 YGR","Skoda","Octavia","21/00730/PHV","29/09/2020","28/09/2021"
"GM19 CEA","Skoda","Octavia","21/00175/PHV","04/11/2020","03/11/2021"
"GM65 UPP","Skoda","Octavia","20/02350/HCV","18/01/2021","17/01/2022"
"GM65 UUC","Skoda","Octavia","20/02380/HCV","21/12/2020","20/12/2021"
"GM66 EEU","Skoda","Octavia","20/02155/HCV","27/07/2020","26/07/2021"
"GN66 MVU","Skoda","Octavia","20/02366/HCV","15/09/2020","14/09/2021"
"GU16 KXA","Skoda","Octavia","21/00777/PHV","28/09/2020","27/09/2021"
"GU63 YJD","Skoda","Octavia","21/00567/PHVMAX","25/01/2021","09/08/2021"
"GV16 AKU","Skoda","Octavia","21/00121/PHV","10/11/2020","09/11/2021"
"GV64 HSN","Skoda","Octavia","20/02165/HCVMAX","19/11/2020","18/11/2021"
"HD17 HHC","Skoda","Rapid","21/00209/PHV","10/03/2020","09/03/2021"
"HJ65 WCG","Skoda","Superb","21/00456/PHVMAX","24/08/2020","23/08/2021"
"HK11 EES","Skoda","Superb","21/00065/PHVMAX","28/01/2021","29/07/2021"
"HK11 GNP","Skoda","Octavia","21/00992/PHVMAX","13/01/2021","12/01/2022"
"HK15 FOM","Skoda","Superb","21/00974/PHVMAX","18/08/2020","17/08/2021"
"HK15 FOT","Skoda","Octavia","21/00049/PHVMAX","11/09/2020","10/09/2021"
"HK15 FPT","Skoda","Superb","21/00996/PHVMAX","06/08/2020","05/08/2021"
"HK15 FPU","Skoda","Superb","21/01250/PHVMAX","21/10/2020","20/10/2021"
"HK65 CZG","Skoda","Octavia","21/00890/PHVMAX","24/07/2020","23/07/2021"
"HK65 RFN","Skoda","Octavia","21/00857/PHVMAX","10/09/2020","09/09/2021"
"HK65 RHY","Skoda","Octavia","21/00043/PHVMAX","06/02/2020","05/02/2021"
"HK65 RHZ","Skoda","Octavia","21/00764/PHVMAX","23/09/2020","22/09/2021"
"HK66 LXP","Skoda","Octavia","21/00591/PHV","03/03/2020","02/03/2021"
"HK66 RVA","Skoda","Octavia","20/02395/HCV","13/08/2020","12/08/2021"
"HK67 EWJ","Skoda","Rapid","21/00982/PHV","14/07/2020","13/07/2021"
"HK67 EWN","Skoda","Rapid","21/00905/PHV","13/08/2020","12/08/2021"
"HK67 EWU","Skoda","Rapid","21/00940/PHV","27/10/2020","26/10/2021"
"HK67 GUU","Skoda","Octavia","21/00153/PHV","08/12/2020","07/12/2021"
"HK67 ZPE","Skoda","Octavia","21/00365/PHV","01/07/2020","30/06/2021"
"HK68 DWX","Skoda","Octavia","21/00968/PHV","13/01/2021","12/01/2022"
"HK68 DWY","Skoda","Octavia","21/00926/PHV","18/01/2021","18/01/2022"
"HK68 DXH","Skoda","Octavia","21/00956/PHV","19/01/2021","18/01/2022"
"HK68 DXL","Skoda","Octavia","21/01062/PHV","19/01/2021","18/01/2022"
"HK68 DXM","Skoda","Octavia","21/00907/PHV","15/01/2021","14/01/2022"
"HL19 FYP","Skoda","Octavia","21/00292/PHV","23/10/2020","22/10/2021"
"HN12 HKL","Skoda","Octavia","21/00596/PHVMAX","20/01/2021","20/07/2021"
"HN14 EWG","Skoda","Octavia","21/00180/PHVMAX","14/08/2020","25/02/2021"
"HN15 SNU","Skoda","Rapid","21/00750/PHVMAX","14/09/2020","13/09/2021"
"HN16 OGT","Skoda","Octavia","21/00719/PHV","01/07/2020","30/06/2021"
"HN16 OGU","Skoda","Octavia","21/01162/PHV","10/07/2020","09/07/2021"
"HN17 BBX","Skoda","Octavia","21/00106/PHV","04/02/2020","03/02/2021"
"HN62 DHC","Skoda","Octavia","21/00386/PHVMAX","24/09/2020","25/03/2021"
"HN63 YYD","Skoda","Rapid","21/00990/PHVMAX","10/09/2020","09/03/2021"
"HN63 YYE","Skoda","Rapid","21/00993/PHVMAX","13/01/2021","12/01/2022"
"HN65 LGO","Skoda","Octavia","21/00975/PHVMAX","13/07/2020","12/07/2021"
"HN65 LGU","Skoda","Octavia","21/01004/PHVMAX","02/10/2020","01/10/2021"
"HN65 LGV","Skoda","Octavia","21/00976/PHVMAX","09/07/2020","08/07/2021"
"HN65 LJE","Skoda","Octavia","21/00729/PHVMAX","13/10/2020","12/10/2021"
"HN65 LJJ","Skoda","Octavia","21/00863/PHVMAX","11/01/2021","10/01/2022"
"HN65 LKY","Skoda","Octavia","21/00307/PHVMAX","06/03/2020","05/03/2021"
"HN66 JKY","Skoda","Octavia","21/00943/PHV","04/12/2020","03/12/2021"
"HN66 SUF","Skoda","Rapid","21/00922/PHV","11/12/2020","10/12/2021"
"HN66 SUH","Skoda","Rapid","21/00939/PHV","13/07/2020","12/07/2021"
"HN66 ZNY","Skoda","Rapid","21/00991/PHV","09/07/2020","08/07/2021"
"HN67 AVJ","Skoda","Octavia","21/00036/PHV","14/10/2020","13/10/2021"
"HN67 NLF","Skoda","Rapid","21/00998/PHV","03/08/2020","02/08/2021"
"HN67 NLL","Skoda","Rapid","21/00919/PHV","11/08/2020","10/08/2021"
"HN67 NLU","Skoda","Rapid","21/00978/PHV","14/07/2020","13/07/2021"
"HN67 NMV","Skoda","Rapid","21/00985/PHV","16/07/2020","15/07/2021"
"HN67 NNM","Skoda","Rapid","21/01008/PHV","17/08/2020","16/08/2021"
"HN67 NNR","Skoda","Rapid","21/00937/PHV","05/08/2020","04/08/2021"
"HN67 NNY","Skoda","Rapid","21/00888/PHV","25/08/2021","24/08/2021"
"HS16 FWD","Skoda","Octavia","21/00612/PHV","26/10/2020","25/10/2021"
"HS16 HTP","Skoda","Rapid","21/00426/PHV","25/02/2020","24/02/2021"
"HS19 XXT","Skoda","Octavia","21/00849/PHV","16/09/2020","15/09/2021"
"HT16 LFZ","Skoda","Octavia","20/02223/HCV","02/11/2020","01/11/2021"
"HT65 MPX","Skoda","Octavia","21/00728/PHV","17/02/2020","16/02/2021"
"HT65 MPZ","Skoda","Octavia","21/00854/PHV","21/02/2020","20/02/2021"
"HT65 MRO","Skoda","Octavia","21/00839/PHV","14/02/2020","13/02/2021"
"HT65 MRU","Skoda","Octavia","21/00736/PHV","28/01/2021","27/01/2022"
"HT65 MRV","Skoda","Octavia","21/00723/PHVMAX","26/02/2020","25/02/2021"
"HT65 MSO","Skoda","Octavia","21/00850/PHV","10/02/2020","09/02/2021"
"HV13 OVL","Skoda","Octavia","21/01119/PHVMAX","14/10/2020","13/10/2021"
"HV15 VRM","Skoda","Octavia","21/00734/PHVMAX","01/07/2020","30/06/2021"
"HV15 VRN","Skoda","Octavia","21/00842/PHVMAX","16/07/2020","15/07/2021"
"HV16 DFZ","Skoda","Octavia","21/00864/PHV","25/08/2020","24/08/2021"
"HV17 FET","Skoda","Rapid","21/00901/PHV","30/10/2020","29/10/2021"
"HV17 FFC","Skoda","Rapid","21/00920/PHV","10/07/2019","09/07/2020"
"HV17 FFH","Skoda","Rapid","21/00928/PHV","14/10/2020","13/10/2021"
"HV17 FFN","Skoda","Rapid","21/00954/PHV","01/07/2020","30/06/2021"
"HV17 FFP","Skoda","Rapid","21/00930/PHV","10/07/2020","09/07/2021"
"HV17 FFU","Skoda","Rapid","21/00946/PHV","13/10/2020","12/10/2021"
"HV17 FFW","Skoda","Rapid","21/01173/PHV","21/09/2020","20/09/2021"
"HV17 FFY","Skoda","Rapid","21/01011/PHV","24/07/2020","23/07/2021"
"HV17 FFZ","Skoda","Rapid","21/00910/PHV","20/10/2020","19/10/2021"
"HV17 FGA","Skoda","Rapid","21/01000/PHV","21/07/2020","20/07/2021"
"HV17 FGN","Skoda","Rapid","21/01005/PHV","01/07/2020","30/06/2021"
"HV17 FGZ","Skoda","Rapid","21/00938/PHV","21/01/2020","20/01/2021"
"HV17 FHH","Skoda","Rapid","21/00892/PHV","27/01/2021","26/01/2022"
"HV66 NJK","Skoda","Rapid","21/00911/PHV","15/01/2021","14/01/2022"
"HV66 OWM","Skoda","Octavia","20/02962/HCV","07/01/2021","06/01/2022"
"HV67 TXX","Skoda","Rapid","21/00949/PHV","29/10/2020","28/10/2021"
"HV67 TXY","Skoda","Rapid","21/00983/PHV","19/08/2020","18/08/2021"
"HV67 TYH","Skoda","Rapid","21/00977/PHV","27/07/2020","26/07/2021"
"HV67 TYP","Skoda","Rapid","21/01007/PHV","21/08/2020","20/08/2021"
"HV69 ZBC","Skoda","Octavia","21/00427/PHV","14/10/2020","13/10/2021"
"HX14 VCF","Skoda","Rapid","21/01154/PHVMAX","06/11/2020","05/11/2021"
"HX14 VCT","Skoda","Rapid","21/01255/PHVMAX","10/02/2021","09/02/2022"
"HX15 WLN","Skoda","Octavia","21/00856/PHVMAX","29/09/2020","28/09/2021"
"HX15 WMF","Skoda","Superb","21/00973/PHVMAX","21/10/2020","20/10/2021"
"HX15 WMT","Skoda","Octavia","21/00852/PHVMAX","13/07/2020","12/07/2021"
"HX16 YZS","Skoda","Octavia","21/00735/PHV","05/10/2020","04/10/2021"
"HX16 YZT","Skoda","Octavia","21/00726/PHV","02/12/2020","01/12/2021"
"HX17 WGM","Skoda","Octavia","21/00407/PHV","17/07/2020","16/07/2021"
"HX17 WGO","Skoda","Octavia","21/00633/PHV","20/10/2020","19/10/2021"
"HX18 RKO","Skoda","Octavia","21/00542/PHV","07/08/2020","06/08/2021"
"HX18 RLO","Skoda","Octavia","21/00521/PHV","15/06/2020","14/06/2021"
"HX18 RLZ","Skoda","Octavia","21/00530/PHV","18/09/2020","17/09/2021"
"HX18 RMU","Skoda","Octavia","21/00274/PHV","15/10/2020","14/10/2021"
"HX18 YMO","Skoda","Octavia","21/00632/PHV","09/10/2020","08/10/2021"
"HX18 YMP","Skoda","Octavia","21/00645/PHV","11/03/2020","10/03/2021"
"HX18 YMS","Skoda","Octavia","21/00493/PHV","27/03/2020","26/03/2021"
"HX18 YMT","Skoda","Octavia","21/00643/PHV","19/03/2020","18/03/2021"
"HX64 UHC","Skoda","Rapid","21/00059/PHVMAX","08/10/2020","07/10/2021"
"HY11 XNP","Skoda","Octavia","21/00482/PHVMAX","05/11/2020","04/11/2021"
"HY14 XAC","Skoda","Rapid","21/01246/PHVMAX","18/02/2021","08/07/2021"
"HY16 XCN","Skoda","Octavia","21/00334/PHV","26/02/2020","25/02/2021"
"HY17 MBU","Skoda","Octavia","21/00615/PHV","19/10/2020","18/10/2021"
"HY19 NWS","Skoda","Octavia","21/00052/PHV","11/03/2020","10/03/2021"
"HY19 NWT","Skoda","Octavia","21/00048/PHV","07/10/2020","06/10/2021"
"HY19 NWX","Skoda","Octavia","21/00295/PHV","07/01/2021","06/01/2022"
"HY64 WVO","Skoda","Superb","21/01096/PHVMAX","14/10/2020","13/10/2021"
"HY66 DNX","Skoda","Superb","20/02124/HCV","11/09/2020","10/09/2021"
"HY66 JNL","Skoda","Rapid","21/00951/PHV","08/07/2020","07/07/2021"
"HY67 HKG","Skoda","Rapid","21/00941/PHV","17/08/2020","16/08/2021"
"HY67 OTC","Skoda","Superb","21/00333/PHV","18/01/2021","17/01/2022"
"HY68 WNF","Skoda","Octavia","21/00891/PHV","20/11/2020","19/11/2021"
"HY68 WOX","Skoda","Octavia","21/01009/PHV","03/11/2020","02/11/2021"
"HY68 WPM","Skoda","Octavia","21/01047/PHV","26/11/2020","25/11/2021"
"HY68 WPO","Skoda","Octavia","21/01253/PHV","08/02/2021","07/02/2022"
"HY68 WRA","Skoda","Octavia","21/00900/PHV","25/11/2020","24/11/2021"
"HY68 WRC","Skoda","Octavia","21/01001/PHV","30/10/2020","29/10/2021"
"HY68 WRF","Skoda","Octavia","21/00948/PHV","04/12/2020","03/12/2021"
"HY68 WRK","Skoda","Octavia","21/01061/PHV","27/11/2020","26/11/2021"
"HY68 WRL","Skoda","Octavia","21/00952/PHV","15/12/2020","14/12/2021"
"HY68 WRO","Skoda","Octavia","21/01002/PHV","01/12/2020","30/11/2021"
"HY68 WRP","Skoda","Octavia","21/00942/PHV","07/12/2020","06/12/2021"
"HY68 WRR","Skoda","Octavia","21/01259/PHV","02/12/2020","01/12/2021"
"HY68 WRT","Skoda","Octavia","21/00944/PHV","13/11/2020","12/11/2021"
"HY68 WRU","Skoda","Octavia","21/01181/PHV","04/12/2020","03/12/2021"
"HY69 OBU","Skoda","Octavia","20/02135/HCV","14/09/2020","13/09/2021"
"HY69 OFN","Skoda","Octavia","21/00315/PHV","05/11/2020","04/11/2021"
"HY69 OGB","Skoda","Octavia","21/00422/PHV","05/10/2020","04/10/2021"
"HY70 NHF","Skoda","Superb","21/01165/PHV","11/02/2021","10/02/2022"
"KJ17 UDL","Skoda","Superb","21/00438/PHV","13/07/2020","12/07/2021"
"KN67 CGX","Skoda","Octavia","21/00097/PHV","11/03/2020","10/03/2021"
"KP62 UVS","Skoda","Superb","20/02326/HCVMAX","24/11/2020","23/11/2021"
"KP68 KYN","Skoda","Octavia","21/00805/PHV","17/08/2020","16/08/2021"
"KW69 UXU","Skoda","Superb","21/00303/PHV","07/10/2020","06/10/2021"
"KX65 YNF","Skoda","Octavia","21/01180/PHV","28/09/2020","27/09/2021"
"LD14 MYP","Skoda","Octavia","21/00344/PHVMAX","23/10/2020","22/10/2021"
"LJ66 URM","Skoda","Octavia","21/00086/PHV","02/02/2021","01/02/2022"
"LM65 XTZ","Skoda","Octavia","20/02332/HCV","20/11/2020","19/11/2021"
"LO70 GXE","Skoda","Octavia","21/01164/HCV","15/02/2021","14/02/2022"
"LX17 YHC","Skoda","Rapid","21/00077/PHV","25/09/2020","24/09/2021"
"MA15 FWC","Skoda","Octavia","20/02460/HCVMAX","28/10/2020","27/10/2021"
"MA17 EGX","Skoda","Octavia","21/01064/PHV","02/10/2020","01/10/2021"
"MD16 GXJ","Skoda","Superb","20/02468/HCV","16/12/2020","15/12/2021"
"MJ12 CPN","Skoda","Octavia","21/00913/PHVMAX","06/08/2020","05/02/2021"
"MK62 OUJ","Skoda","Octavia","21/01003/PHVMAX","15/01/2021","14/01/2022"
"MX67 ZLZ","Skoda","Octavia","21/00285/PHV","30/11/2020","29/11/2021"
"NA69 SSK","Skoda","Superb","21/01185/PHVTMP","19/10/2020","18/10/2021"
"ND17 UWY","Skoda","Octavia","21/00966/PHV","29/09/2020","28/09/2021"
"NL67 CDE","Skoda","Octavia","20/02298/HCV","27/01/2021","26/01/2022"
"NU20 UGL","Skoda","Octavia","21/00202/PHV","15/07/2020","14/07/2021"
"NU68 HZM","Skoda","Octavia","21/00066/PHV","09/10/2020","08/10/2021"
"NU68 XMH","Skoda","Octavia","21/00067/PHV","29/10/2020","28/10/2021"
"NU68 XMJ","Skoda","Octavia","21/00061/PHV","02/11/2020","01/11/2021"
"NU69 UOS","Skoda","Octavia","21/00029/PHV","04/11/2020","03/11/2021"
"NU69 ZCA","Skoda","Superb","21/00205/PHV","15/07/2020","14/07/2021"
"NV15 LFU","Skoda","Octavia","20/02965/HCV","16/11/2020","15/11/2021"
"NV16 EUT","Skoda","Rapid","21/00117/PHV","26/01/2021","25/01/2022"
"NV19 KNC","Skoda","Octavia","21/00211/PHV","20/07/2020","19/07/2021"
"NV20 DBY","Skoda","Octavia","21/00189/PHV","01/09/2020","31/08/2021"
"NV20 DCU","Skoda","Octavia","21/00195/PHV","18/08/2020","17/08/2021"
"NV20 GZW","Skoda","Octavia","21/00185/PHV","13/10/2020","12/10/2021"
"NV66 BTE","Skoda","Octavia","21/00807/PHV","05/10/2020","04/10/2021"
"NV68 CTZ","Skoda","Octavia","21/00382/PHV","20/11/2020","19/11/2021"
"NV68 EKG","Skoda","Octavia","21/00199/PHV","20/11/2020","19/11/2021"
"NX16 WWT","Skoda","Octavia","21/00687/PHV","21/09/2020","20/09/2021"
"NX18 VSA","Skoda","Octavia","21/00647/PHV","01/02/2021","31/01/2022"
"NX19 VSY","Skoda","Octavia","21/00216/PHV","30/07/2020","29/07/2021"
"NX20 VPJ","Skoda","Octavia","21/00210/PHV","03/06/2020","02/06/2021"
"NX66 ODB","Skoda","Superb","20/02105/HCV","19/08/2020","18/08/2021"
"NX69 ZKR","Skoda","Octavia","21/00215/PHV","18/09/2020","17/09/2021"
"NY19 AVX","Skoda","Octavia","20/02200/HCV","26/10/2020","25/10/2021"
"OE12 LYC","Skoda","Octavia","20/02163/HCVMAX","25/01/2021","22/07/2021"
"OE67 XLZ","Skoda","Octavia","21/00099/PHV","15/10/2020","14/10/2021"
"OV62 MHL","Skoda","Octavia","20/02158/HCVMAX","21/12/2020","20/12/2021"
"OW16 FYA","Skoda","Superb","21/01095/PHV","08/09/2020","07/09/2021"
"OW16 HCE","Skoda","Rapid","21/00041/PHV","04/09/2020","03/09/2021"
"OY12 LTX","Skoda","Superb","21/01251/PHVMAX","19/11/2020","18/11/2021"
"OY66 VVR","Skoda","Rapid","20/02256/HCV","14/07/2020","13/07/2021"
"PN17 HFW","Skoda","Superb","21/00579/PHV","12/10/2020","11/10/2021"
"RE65 BAZ","Skoda","Octavia","20/02502/HCV","14/07/2020","13/07/2021"
"RJ11 UTR","Skoda","Octavia","21/00767/PHVMAX","26/11/2020","25/11/2021"
"RK65 UPS","Skoda","Superb","21/00517/PHVMAX","27/10/2020","26/10/2021"
"RV12 EKG","Skoda","Octavia","21/01212/PHVMAX","05/02/2021","04/02/2022"
"SF16 GBT","Skoda","Rapid","21/00356/PHV","30/09/2020","29/09/2021"
"SG67 CCJ","Skoda","Octavia","21/00208/PHV","09/09/2020","08/09/2021"
"SK69 DZU","Skoda","Octavia","21/00536/PHV","30/11/2020","29/11/2021"
"V111 VVV","Skoda","Octavia","20/02109/HCV","02/10/2020","01/10/2021"
"WD16 HNX","Skoda","Octavia","20/02231/HCV","27/07/2020","26/07/2021"
"WF66 UEC","Skoda","Octavia","21/00081/PHV","10/08/2020","09/08/2021"
"WG12 ZBN","Skoda","Octavia","21/00893/PHVMAX","18/09/2020","17/09/2021"
"WJ15 XFV","Skoda","Octavia","21/00102/PHVMAX","16/09/2020","15/09/2021"
"WJ20 FYB","Skoda","Octavia","21/00811/PHV","03/02/2021","02/02/2022"
"WR61 HNX","Skoda","Octavia","21/00897/PHVMAX","18/08/2020","18/02/2021"
"WR66 MVO","Skoda","Octavia","21/00526/PHV","04/02/2021","03/02/2022"
"WR66 YHZ","Skoda","Octavia","21/01107/PHV","10/12/2020","09/12/2021"
"WU65 GHK","Skoda","Octavia","20/02371/HCV","03/08/2020","02/08/2021"
"Y4 TEF","Skoda","Superb","20/03071/HCVMAX","03/09/2020","04/03/2021"
"YD16 RCN","Skoda","Octavia","21/00528/PHV","28/10/2020","27/10/2021"
"YD66 MZW","Skoda","Octavia","21/00657/PHV","17/08/2020","16/08/2021"
"YF12 DVN","Skoda","Octavia","20/02286/HCVMAX","10/08/2020","09/02/2021"
"YH10 SWU","Skoda","Superb","20/02162/HCVMAX","12/10/2020","11/10/2021"
"YH66 GVX","Skoda","Octavia","20/02562/HCV","04/08/2020","03/08/2021"
"YK16 ZYC","Skoda","Octavia","21/00322/PHV","21/09/2020","20/09/2021"
"YT65 BPZ","Skoda","Octavia","20/02381/HCV","26/02/2020","25/02/2021"
"Y700 JAL","Tesla","S","21/00104/PHV","14/10/2020","13/10/2021"
"DE67 LUP","Toyota","Prius","21/01148/PHV","15/02/2021","14/02/2022"
"EF70 PKC","Toyota","Prius","21/01118/PHV","12/02/2021","11/02/2022"
"FA16 SJO","Toyota","Auris","21/00107/PHV","02/12/2020","01/12/2021"
"FE67 LPA","Toyota","Auris","21/00642/PHV","21/08/2020","20/08/2021"
"FG18 BZO","Toyota","Auris","21/01155/PHV","09/02/2021","08/02/2022"
"FG64 XZF","Toyota","Auris","21/00178/PHVMAX","16/07/2020","15/07/2021"
"FH17 FML","Toyota","Avensis","21/01211/PHV","05/11/2020","04/11/2021"
"FM65 HBG","Toyota","Auris","21/00020/PHVMAX","24/09/2020","23/09/2021"
"FN16 OLX","Toyota","Avensis","20/02310/HCV","16/03/2020","15/03/2021"
"FP18 DVU","Toyota","Avensis","20/02279/HCV","18/11/2020","17/11/2021"
"FV17 DFP","Toyota","Prius","20/02192/HCV","07/09/2020","06/09/2021"
"GY65 YZV","Toyota","Prius","21/00148/PHVMAX","02/02/2021","01/02/2022"
"GY66 DYC","Toyota","Auris","21/00959/PHV","13/03/2020","12/03/2021"
"HD17 FZM","Toyota","Avensis","20/02578/HCV","12/01/2021","11/01/2022"
"HF20 XGG","Toyota","Prius","21/00489/PHV","04/03/2020","03/03/2021"
"HF66 LOA","Toyota","Avensis","20/02276/HCV","07/07/2020","06/07/2021"
"HG19 WMJ","Toyota","Corolla","21/00543/PHV","21/09/2020","20/09/2021"
"HK15 EVD","Toyota","Auris","21/00710/PHVMAX","28/01/2021","27/01/2022"
"HK69 KKD","Toyota","Prius","21/00248/PHV","05/02/2020","04/02/2021"
"HN68 FXR","Toyota","Auris","21/00775/PHV","29/07/2020","28/07/2021"
"HT19 LNW","Toyota","Prius","21/00134/PHV","26/10/2020","25/10/2021"
"HX16 NWA","Toyota","Auris","21/00961/PHV","03/08/2020","02/08/2021"
"HX18 LMO","Toyota","Auris","21/00703/PHV","07/10/2020","06/10/2021"
"HX18 UOU","Toyota","Prius","21/00133/PHV","19/03/2020","18/03/2021"
"HX66 XKH","Toyota","Auris","21/00032/PHV","17/12/2020","16/12/2021"
"HY63 WUU","Toyota","Auris","21/00421/PHVMAX","07/01/2021","02/07/2021"
"HY65 HRX","Toyota","Prius","21/00855/PHVMAX","10/12/2020","09/12/2021"
"HY65 HRZ","Toyota","Prius","21/00716/PHVMAX","19/11/2020","18/11/2021"
"HY65 HSD","Toyota","Prius","21/00715/PHVMAX","12/11/2020","11/11/2021"
"HY65 HSE","Toyota","Prius","21/00718/PHVMAX","16/07/2020","15/07/2021"
"HY65 HSG","Toyota","Prius","21/00871/PHVMAX","02/02/2021","01/02/2022"
"HY69 MZO","Toyota","Corolla","21/00145/PHV","22/10/2020","21/10/2021"
"HY70 KXN","Toyota","Corolla","21/00389/PHV","15/10/2020","14/10/2021"
"LL17 LUJ","Toyota","Prius","21/00126/PHV","17/09/2020","16/09/2021"
"LL17 LUO","Toyota","Prius","21/01030/PHV","10/08/2020","09/08/2021"
"LN18 KUE","Toyota","Prius","21/00057/PHV","20/10/2020","19/10/2021"
"MC19 CVM","Toyota","Corolla","21/00846/PHV","20/08/2020","19/08/2021"
"MC65 FNX","Toyota","Avensis","21/00021/PHVMAX","06/01/2021","05/01/2022"
"MD14 SWX","Toyota","Auris","20/02285/HCVMAX","13/02/2020","14/08/2020"
"ME19 KKG","Toyota","Corolla","21/00848/PHV","20/08/2020","19/08/2021"
"ME19 TYY","Toyota","Corolla","21/00866/PHV","15/09/2020","14/09/2021"
"ME19 VRK","Toyota","Corolla","21/00714/PHV","22/09/2020","21/09/2021"
"MF62 OEK","Toyota","Avensis","20/02689/HCVMAX","02/11/2020","01/11/2021"
"MF66 PFG","Toyota","Auris","20/02338/HCV","07/10/2020","06/10/2021"
"MF69 DJX","Toyota","Corolla","21/00874/PHV","21/10/2020","20/10/2021"
"MF69 DKY","Toyota","Corolla","21/00861/PHV","12/03/2020","11/03/2021"
"MF69 DVX","Toyota","Corolla","21/00847/PHV","20/02/2020","19/02/2021"
"MF69 RGV","Toyota","Corolla","21/00724/PHV","29/09/2020","28/09/2021"
"MF70 UAY","Toyota","Corolla","21/00031/PHV","08/01/2021","07/01/2022"
"MJ14 FPT","Toyota","Avensis","20/02324/HCVMAX","07/01/2021","08/07/2021"
"MJ18 YSV","Toyota","Avensis","21/00981/PHV","29/10/2020","28/10/2021"
"MJ19 HXM","Toyota","Corolla","21/00865/PHV","15/09/2020","14/09/2021"
"MJ62 LSY","Toyota","Avensis","20/02277/HCVMAX","19/11/2020","18/11/2021"
"MJ68 CWZ","Toyota","Prius","21/01177/PHV","11/02/2021","10/02/2022"
"MJ69 VLO","Toyota","Corolla","21/00276/PHV","17/12/2020","16/12/2021"
"ML18 PHK","Toyota","Avensis","21/00840/PHV","17/07/2020","16/07/2021"
"MM14 GUW","Toyota","Auris","21/00471/PHVMAX","19/10/2020","18/10/2021"
"MM14 GZW","Toyota","Auris","21/00078/PHVMAX","13/10/2020","12/10/2021"
"MT17 ECW","Toyota","Prius","21/00084/PHV","05/08/2020","04/08/2021"
"MT68 WSE","Toyota","Prius","20/02337/HCV","25/11/2020","24/11/2021"
"MV12 JDU","Toyota","Avensis","20/02128/HCVMAX","09/09/2020","05/03/2021"
"MX16 VKD","Toyota","Avensis","20/02645/HCV","24/07/2020","23/07/2021"
"MX17 VKH","Toyota","Prius","21/00013/PHV","20/07/2020","19/07/2021"
"MX18 PXL","Toyota","Avensis","21/00859/PHV","26/08/2020","25/08/2021"
"MX19 NNP","Toyota","Prius","21/01217/PHVTMP","19/03/2020","18/02/2021"
"MX65 WZK","Toyota","Prius","21/00868/PHVMAX","18/09/2020","17/09/2021"
"RO67 ELH","Toyota","Prius","21/00184/PHV","18/02/2020","17/02/2021"
"RX65 XPF","Toyota","Verso","21/00251/PHVMAX","08/01/2021","07/01/2022"
"SG69 HNX","Toyota","Corolla","21/01032/PHV","06/08/2020","05/08/2021"
"SJ66 ANV","Toyota","Pruis","21/00111/PHV","01/02/2021","31/01/2022"
"VE66 XRW","Toyota","Auris","21/00093/PHV","10/11/2020","09/11/2021"
"WP67 YHT","Toyota","Prius","21/01171/PHV","19/02/2021","18/02/2022"
"AK65 TMX","Vauxhall","Zafira","21/00586/PHVMAX","07/12/2020","06/12/2021"
"BF14 OUY","Vauxhall","Zafira","21/00100/PHVMAX","30/09/2020","29/09/2021"
"BV68 CYA","Vauxhall","Zafira","21/00509/PHV","01/09/2020","31/08/2021"
"CF63 LRN","Vauxhall","Zafira","21/00568/PHVMAX","21/10/2020","20/10/2021"
"CU15 XYT","Vauxhall","Insignia","21/00387/PHVMAX","04/12/2020","03/12/2021"
"DG63 BZR","Vauxhall","Vivaro","21/01046/PHVMAX","17/09/2020","16/03/2021"
"DG64 OTW","Vauxhall","Zafira","21/00539/PHVMAX","02/10/2020","01/10/2021"
"DK17 KGV","Vauxhall","Insignia","21/01146/PHV","03/08/2020","02/08/2021"
"DL17 WZH","Vauxhall","Vivaro","21/00932/PHV","11/12/2020","10/12/2021"
"DL17 XED","Vauxhall","Vivaro","21/00933/PHV","30/09/2020","29/09/2021"
"DL17 XEM","Vauxhall","Vivaro","21/00921/PHV","20/10/2020","19/10/2021"
"DL17 XEN","Vauxhall","Vivaro","21/00988/PHV","10/09/2020","09/09/2021"
"DL66 OWZ","Vauxhall","Zafira","20/02164/HCV","20/01/2021","19/01/2022"
"DP16 KVG","Vauxhall","Vivaro","21/00169/PHV","26/08/2020","25/08/2021"
"DS11 FZD","Vauxhall","Insignia","20/02305/HCVMAX","05/10/2020","04/10/2021"
"DS17 UDX","Vauxhall","Vivaro","21/01065/PHV","23/07/2020","22/07/2021"
"DS17 UDZ","Vauxhall","Vivaro","21/00909/PHV","31/07/2020","30/07/2021"
"DS17 UGH","Vauxhall","Vivaro","21/01279/PHV","10/02/2021","09/02/2022"
"DS64 XEM","Vauxhall","Insignia","21/00781/PHVMAX","31/07/2020","30/07/2021"
"DT17 AEY","Vauxhall","Vivaro","21/01073/PHV","17/09/2020","16/09/2021"
"DT17 AGV","Vauxhall","Vivaro","21/01242/PHV","11/09/2020","10/09/2021"
"DT17 AHZ","Vauxhall","Vivaro","21/01006/PHV","09/10/2020","08/10/2021"
"DT17 AKF","Vauxhall","Vivaro","21/00994/PHV","23/09/2020","22/09/2021"
"DT17 AVF","Vauxhall","Vivaro","21/00979/PHV","15/09/2020","14/09/2021"
"DT17 BHK","Vauxhall","Vivaro","21/01207/PHV","09/09/2020","08/09/2021"
"DT17 JWU","Vauxhall","Vivaro","21/00995/PHV","05/08/2020","04/08/2021"
"DT17 KLK","Vauxhall","Vivaro","21/00906/PHV","09/09/2020","08/09/2021"
"DY16 FZR","Vauxhall","Insignia","21/00282/PHV","12/02/2020","11/02/2021"
"DY65 BFZ","Vauxhall","Insignia","21/01115/PHVMAX","17/07/2020","16/07/2021"
"DY66 HGU","Vauxhall","Vivaro","21/00584/PHV","27/08/2020","26/08/2021"
"DY66 TCV","Vauxhall","Vivaro","21/00895/PHV","14/01/2021","13/01/2022"
"FE19 YAY","Vauxhall","Insignia","21/00494/PHV","01/02/2021","31/01/2022"
"FE65 OEB","Vauxhall","Zafira","21/00162/PHVMAX","06/10/2020","05/10/2021"
"FP66 DLV","Vauxhall","Insignia","21/00244/PHV","02/07/2020","01/07/2021"
"HG16 HCD","Vauxhall","Astra","21/00650/PHV","04/02/2021","03/02/2022"
"HJ63 FPK","Vauxhall","Zafira","20/02126/HCVMAX","13/10/2020","12/10/2021"
"HK16 XPY","Vauxhall","Insignia","21/00076/PHV","21/02/2020","20/02/2021"
"HT14 CUV","Vauxhall","Zafira","21/00693/PHVMAX","12/08/2020","11/08/2021"
"HY62 UBJ","Vauxhall","Zafira","21/00967/PHVMAX","17/11/2020","16/11/2021"
"LK16 MZW","Vauxhall","Insignia","21/00011/PHV","07/07/2020","06/07/2021"
"LK18 YDZ","Vauxhall","Vivaro","21/00403/PHV","06/10/2020","05/10/2021"
"LK66 RHA","Vauxhall","Vivaro","21/00164/PHV","28/08/2020","27/08/2021"
"LK67 UGD","Vauxhall","Vivaro","21/00165/PHV","21/01/2021","20/01/2022"
"LL13 GOC","Vauxhall","Vivaro","21/00738/PHVMAX","14/10/2020","13/10/2021"
"LR66 NHX","Vauxhall","Vivaro","21/00163/PHV","20/01/2021","19/01/2022"
"LT19 OOU","Vauxhall","Vivaro","21/00963/PHV","24/03/2020","23/03/2021"
"M444 DEB","Vauxhall","Insignia","21/00664/PHVMAX","18/02/2021","17/02/2022"
"MF14 ZTM","Vauxhall","Zafira","21/00896/PHVMAX","27/10/2020","26/10/2021"
"MP57 UMP","Vauxhall","Vivaro","21/00448/PHV","30/07/2020","29/07/2021"
"RF12 KVR","Vauxhall","Insignia","20/02377/HCVMAX","25/08/2020","24/02/2021"
"VO17 VVT","Vauxhall","Insignia","20/02400/HCV","21/12/2020","20/12/2021"
"VU12 MZZ","Vauxhall","Insignia","20/02235/HCVMAX","10/08/2020","10/02/2021"
"VX17 UKM","Vauxhall","Vivaro","21/00673/PHV","21/10/2020","20/10/2021"
"VX67 JZL","Vauxhall","Astra","21/00484/PHV","30/10/2020","29/10/2021"
"WU17 TXE","Vauxhall","Zafira","21/00512/PHV","14/01/2021","13/01/2022"
"Y17 ERN","Vauxhall","Insignia","20/02320/HCVMAX","01/09/2020","01/03/2021"
"YG67 DWM","Vauxhall","Zafira","20/02677/HCV","17/09/2020","16/09/2021"
"YN16 YYR","Vauxhall","Insignia","20/02357/HCV","06/01/2021","05/01/2022"
"AJ18 SYU","Volkswagen","Arteon","21/00311/PHV","14/09/2020","13/09/2021"
"BN09 ULG","Volkswagen","Transporter","20/02269/HCVMAX","06/08/2020","05/08/2021"
"BN67 WYG","Volkswagen","Passat","21/01156/PHV","10/02/2021","09/02/2022"
"DF66 XLL","Volkswagen","Golf","21/00326/PHV","23/10/2020","22/10/2021"
"FE67 YFV","Volkswagen","Sharan","21/01110/PHV","23/11/2020","22/11/2021"
"FN60 XOE","Volkswagen","Touran","20/02315/HCVMAX","09/09/2020","08/03/2021"
"FT13 JFN","Volkswagen","Touran","21/00073/PHVMAX","04/01/2021","04/08/2021"
"FV65 VEB","Volkswagen","Passat","21/00561/PHV","24/02/2020","23/02/2021"
"GD17 AOH","Volkswagen","Passat","21/00453/PHV","13/03/2020","12/03/2021"
"GD18 NWO","Volkswagen","Transporter","21/00749/PHV","23/07/2020","22/07/2021"
"GD19 ZFP","Volkswagen","Touran","21/00514/PHV","13/03/2020","12/03/2021"
"GJ14 SZD","Volkswagen","Passat","21/00064/PHVMAX","04/03/2020","03/03/2021"
"GJ15 FUW","Volkswagen","Passat","21/00291/PHVMAX","21/09/2020","20/09/2021"
"GJ17 YRT","Volkswagen","Caddy","20/02334/HCV","15/07/2020","14/07/2021"
"GL15 KAJ","Volkswagen","Jetta","21/01113/PHVMAX","06/11/2020","05/11/2021"
"GL15 OZT","Volkswagen","Jetta","21/00631/PHVMAX","13/01/2021","12/01/2022"
"GL66 KHF","Volkswagen","Passat","20/02193/HCV","01/10/2020","30/09/2021"
"GM14 JWK","Volkswagen","Passat","20/02658/HCVMAX","07/09/2020","06/09/2021"
"GU16 TZW","Volkswagen","Passat","21/00112/PHV","20/01/2021","19/01/2022"
"GY12 ZNF","Volkswagen","Passat","21/00826/PHVMAX","23/07/2020","12/02/2021"
"HG12 XAX","Volkswagen","Caddy Maxi","21/00314/PHVMAX","16/09/2020","15/09/2021"
"HG17 GZH","Volkswagen","Passat","21/00129/PHV","07/01/2021","06/01/2022"
"HJ62 ZBC","Volkswagen","Passat","20/02905/HCVMAX","06/11/2020","05/11/2021"
"JRZ 5110","Volkswagen","Caddy","20/02511/HCV","08/09/2020","07/09/2021"
"KP68 KPL","Volkswagen","Arteon","21/00508/PHV","08/09/2020","07/09/2021"
"LG64 PXD","Volkswagen","Golf","21/00323/PHVMAX","06/11/2020","05/11/2021"
"NK15 YHS","Volkswagen","Caddy","21/00446/PHVMAX","29/10/2020","28/10/2021"
"NK16 DGY","Volkswagen","Caddy","20/02116/HCV","30/10/2020","29/10/2021"
"P11 SUF","Volkswagen","Jetta","20/02263/HCVMAX","24/09/2020","23/09/2021"
"RJ13 LVN","Volkswagen","Passat","21/00722/PHVMAX","27/01/2021","27/07/2021"
"RK17 HHM","Volkswagen","Passat","21/00105/PHV","21/09/2020","20/09/2021"
"RX16 ZPP","Volkswagen","Caddy","21/00678/PHV","09/07/2020","10/07/2021"
"S444 JLA","Volkswagen","Passat","21/00266/PHVMAX","26/11/2020","25/11/2021"
"SB13 VVG","Volkswagen","Passat","20/02419/HCVMAX","19/08/2020","19/02/2021"
"SD69 EYB","Volkswagen","Sharan","21/01131/PHV","20/11/2020","19/11/2021"
"SE17 MKZ","Volkswagen","Sharan","21/00531/PHV","01/07/2020","30/06/2021"
"SX66 FCD","Volkswagen","Golf","20/02580/HCV","14/07/2020","13/07/2021"
"T6 PXA","Volkswagen","Caravelle","21/01225/PHV","26/10/2020","25/10/2021"
"VA66 DPZ","Volkswagen","Passat","21/00060/PHV","27/03/2020","26/03/2021"
"VE15 HZN","Volkswagen","Touran","20/02169/HCVMAX","17/09/2020","16/09/2021"
"VE18 FRD","Volkswagen","Caddy","21/00789/PHV","25/08/2020","24/08/2021"
"VK63 NXG","Volkswagen","Jetta","20/02303/HCVMAX","28/08/2020","27/02/2021"
"VN11 GFU","Volkswagen","Passat","21/01083/PHVMAX","21/09/2021","19/03/2021"
"VU14 ZPT","Volkswagen","Golf","21/01101/PHVMAX","17/08/2020","18/02/2021"
"WD16 UGT","Volkswagen","Golf","20/02215/HCV","12/03/2020","11/03/2021"
"WG15 YDY","Volkswagen","Touran","20/02959/HCV","05/08/2020","04/08/2021"
"WG15 YDY","Volkswagen","Touran","20/02340/HCV","05/08/2020","04/08/2021"
"WM14 TKN","Volkswagen","Passat","21/00272/PHVMAX","10/11/2020","09/11/2021"
"WM16 YWE","Volkswagen","Jetta","21/00786/PHV","06/07/2020","05/07/2021"
"YC67 WMW","Volkswagen","Passat","20/02998/HCV","20/11/2020","19/11/2021"
"YH16 EJZ","Volkswagen","Jetta","21/00544/PHV","14/08/2020","13/08/2021"
"YR62 ORW","Volkswagen","Passat","21/00501/PHVMAX","10/08/2020","09/02/2021"
"YS16 XJV","Volkswagen","Jetta","21/00144/PHV","20/02/2020","19/02/2021"
"YY18 CZZ","Volkswagen","Caddy","21/00877/PHV","29/01/2021","28/01/2022"
"YY67 LYG","Volkswagen","Caddy","20/02234/HCV","05/11/2020","04/11/2021"
"YY70 AUN","Volkswagen","Caddy","20/02884/HCV","28/10/2020","27/10/2021"
"VA64 DMO","Volkwagen","Passat","20/02799/HCVMAX","12/10/2020","11/10/2021"
"YY64 UKX","Volvo","S60","21/01094/PHVMAX","03/09/2020","02/09/2021"